,fips,cases,deaths,popdense,population,ageab55,ageab65,AR,AS,AT,AU,pct_highschool_or_less,cases rate 10k,deaths rate 10k,deaths cases 10k,pctpov,pctmale,pctwhite,pctblack,pctindian,pctasian,pcthispanic,type,ozone,pm25,no2,so2
0,46099,24977,264.0,92.298782,192876,25.245235280698488,0.1308042472884134,7.544490814208984,26.353281021118164,33.0394172668457,33.06281280517578,33.89777183532715,1294.977083722184,13.68755055061283,105.69724146214517,10.8,50.47595346232813,81.425887,6.4777367,2.3559177,2.4186524,5.038989,0,0.0462756666666666,6.692734,11.2260148,0.8015258
1,06025,22267,419.0,16.808918,181827,23.34031799457726,0.1296837103400484,30.271055221557617,24.319637298583984,30.19023895263672,15.219069480895996,54.5906925201416,1224.6256056581256,23.043882371704974,188.17083576593163,24.2,51.27676307699076,10.354898,2.4803797,0.77271252,1.196192,84.5617,0,0.0480832499999999,10.323557550000002,21.9251993,1.810845
2,48141,98540,1666.0,320.39377,840758,22.714264984692388,0.1226179233501198,21.533641815185547,23.71015167236328,31.441802978515625,23.314403533935547,45.24379348754883,1172.0376136771818,19.815452246663128,169.0683986198498,21.3,49.266733114641795,11.642470000000001,3.0509372999999997,0.27974756,1.119585,82.95026399999999,0,0.04870759375,7.993810615384613,29.22278713333333,1.767945636363636
3,38017,19866,167.0,39.708191,181516,22.38425262786753,0.1200665506071091,5.179396629333496,20.070274353027344,34.55971145629883,40.190616607666016,25.24967098236084,1094.4489741951122,9.200290883448291,84.06322359810733,10.7,50.57956323409507,84.281278,6.2231429,1.2390092,3.6062937,2.7589854000000003,0,0.0387042,6.6349225,11.0115586,0.7056644000000001
4,12086,298872,4188.0,561.55414,2761581,28.708591201923845,0.1622664698229023,18.55185890197754,27.279695510864258,24.382814407348633,29.785633087158203,45.8315544128418,1082.2496243999362,15.165226006407199,140.1268770577371,18.0,48.54892903738837,13.028479,15.579663,0.082670036,1.5382855000000002,69.059354,0,0.0380270999999999,7.044150473684211,16.60663630769231,0.5894538
5,47037,68812,570.0,531.11169,692587,23.711100554876147,0.1224322720466888,10.928995132446289,22.087562561035156,25.28174591064453,41.70169448852539,33.016557693481445,993.5502687748976,8.230012980318719,82.83438935069465,16.400000000000002,48.26527208856072,56.153524,27.090892,0.24718917,3.8493358,10.415442,0,0.0477154,8.624802466666667,23.2768973,0.9405884
6,55079,91624,1002.0,1516.053,948201,25.68094739406518,0.13605026782296148,11.713522911071777,28.3678035736084,28.952116012573242,30.9665584564209,40.081326484680176,966.2930117137611,10.567379701139316,109.35999301493058,19.900000000000002,48.42021891982818,50.969154,26.223871,0.57392893,4.578670499999999,15.350859,0,0.0443592666666666,8.458738136363637,22.7453581,1.2409344
7,20209,15576,198.0,420.94492,165324,24.07454453073965,0.1226742638697347,21.125925064086914,32.097843170166016,28.642301559448242,18.133930206298828,53.22376823425293,942.1499600783916,11.976482543369384,127.11864406779662,20.1,49.612881372335536,40.534949,21.903655999999998,0.4367182,5.1238779,29.319397000000002,0,0.0437464,8.963125,21.9442844,2.5562426
8,49035,107386,554.0,599.7226,1152633,20.9166317466184,0.1085835647599887,9.183904647827148,22.62474822998047,32.62113952636719,35.57020950317383,31.808652877807617,931.6582121108801,4.80638676838161,51.58959268433502,9.8,50.19932623827359,70.655012,1.7414911000000002,0.65710424,4.4745378,18.553086999999998,0,0.0529731363636363,8.101817107142859,25.314853631578945,1.21383875
9,44007,58946,1347.0,599.76031,636084,28.31088346822119,0.15283673225548838,14.22984504699707,30.982206344604492,25.813405990600586,28.974544525146484,45.21205139160156,926.701504832695,21.176448393608393,228.51423336613172,16.2,48.695455317222255,60.871363,8.661592,0.42101359,4.3000609,23.424421000000002,0,0.0474384285714285,6.14360105,21.22678828571429,0.674328125
10,06071,194377,1445.0,41.797852,2171603,22.90395620193931,0.11574905726322911,20.008663177490234,26.302734375,32.69942855834961,20.98917579650879,46.311397552490234,895.0853355792933,6.65407074865894,74.3400710989469,17.299999999999997,49.77659360389537,27.940652,8.1435695,0.38589006,7.121928,53.965896,0,0.061113578125,11.67356788235294,31.577331425000004,1.440328066666667
11,18163,15554,203.0,299.02878,180974,30.90057135279101,0.1689358692408855,9.919473648071289,32.49663543701172,30.571744918823242,27.012147903442383,42.41610908508301,859.460474985357,11.217080906649574,130.51305130513052,17.299999999999997,48.45944721341187,83.5446,9.5566213,0.19450308,1.280847,2.7351996,0,0.0482692,9.171362866666666,16.2608036,2.6858884
12,19153,41499,410.0,328.74194,487204,24.87849032438157,0.1306044285350695,8.47933578491211,24.46357536315918,30.347261428833008,36.7098274230957,32.94291114807129,851.7787210285629,8.4153660478978,98.79756138702136,11.1,49.31096624822456,77.185738,6.874533,0.16728105,5.0323889,8.5268185,0,0.043493375,7.213003866666666,15.161781428571429,0.1866149999999999
13,18089,39901,632.0,374.94806,484411,30.371110482627365,0.16536370974234701,11.34349250793457,35.063533782958984,31.02616310119629,22.56681251525879,46.407026290893555,823.7013610343283,13.046772265699994,158.39202025011906,16.5,48.40414441455706,53.971112,23.37478,0.15771731,1.6025648,19.385192,0,0.0465711818181818,9.452881309523812,22.7830602,3.048425545454546
14,27003,28973,323.0,323.73199,353813,28.063129393210534,0.1405035993589833,6.016981601715088,27.90099334716797,35.57676315307617,30.505264282226562,33.91797494888306,818.8788993055654,9.129116228063976,111.48310495979014,6.1,50.01964314482509,80.581266,6.67556,0.62801535,4.7420532,4.7400746,0,0.0409737,6.6127296,15.8964112,0.8955402000000001
15,16001,38417,355.0,172.48431,469966,26.4714894268947,0.14424873288705978,4.839291095733643,22.367347717285156,34.26742935180664,38.52592849731445,27.2066388130188,817.4421128336944,7.553737929977913,92.40700731447015,11.0,50.06021712208968,84.466535,1.2403025,0.5064196,2.7401982,8.3146438,0,0.0482812272727272,7.395396368421051,25.9107586,0.9667355999999998
16,19163,14110,152.0,146.05316,173283,29.520495374618406,0.1624048521782287,7.17142391204834,29.619163513183594,31.416728973388672,31.79268455505371,36.790587425231934,814.2749144463103,8.771777958599516,107.72501771793056,12.1,49.03770133250232,79.650629,7.486596700000001,0.24006972,2.991638,6.855259800000001,0,0.04269045,8.250444944444446,13.72393275,0.9757638
17,35045,10155,296.0,8.7506981,125043,27.91519717217278,0.1494285965627824,15.085942268371582,30.47838592529297,39.48704147338867,14.948630332946777,45.56432819366455,812.1206305031069,23.671856881232856,291.48202855736093,21.3,49.5013715281943,37.981334,0.5742024600000001,38.314819,0.53901458,20.52414,0,0.049828,3.5566355,13.43634791304348,0.9984520666666667
18,17163,20854,353.0,153.24779,261059,29.769515703346748,0.158052394286349,8.94837760925293,28.14213752746582,34.89799880981445,28.011484146118164,37.09051513671875,798.8232545133475,13.521847551702871,169.2720820945622,16.400000000000002,48.24158523552147,61.480737,30.285108,0.2554978,1.4720811,4.1753013,0,0.04895,9.944755428571428,19.776960666666664,3.0337521999999995
19,01073,52339,697.0,229.04567,659300,28.997118155619606,0.1585727286516003,9.935452461242676,26.378620147705078,30.30597496032715,33.37995147705078,36.314072608947754,793.85712118914,10.571818595480053,133.17029366246967,17.0,47.260882754436516,49.699833999999996,43.126044,0.20673443000000002,1.7561050000000002,3.9808888000000002,0,0.0470696969696969,9.525053711111108,23.874042,5.7470701538461535
20,08001,40344,529.0,169.45944,511868,21.31740995725461,0.10468909953347351,16.218717575073242,28.612974166870117,30.900371551513672,24.26793670654297,44.83169174194336,788.1719505810092,10.334695663725805,131.12234780884393,11.5,50.49544023068447,49.603608,3.1885173000000004,0.59058196,4.062571,40.448904,0,0.0525998571428571,8.558138333333332,34.488622199999995,2.790812
21,32031,35756,489.0,28.536638,465735,29.548348309661066,0.1635286160584881,11.361948013305664,23.532257080078125,34.270782470703125,30.835012435913086,34.89420509338379,767.7327235445049,10.499532996231762,136.7602640116344,12.2,50.36340408172029,62.63411599999999,2.2729663,1.3408912,5.4374270000000005,24.835797,0,0.0487628085106383,5.871370199999999,26.103717800000005,0.8810472
22,06037,770915,10345.0,961.45313,10105518,25.604308458012763,0.13615897769911461,20.866573333740234,20.610870361328125,25.981346130371094,32.54121017456055,41.47744369506836,762.8653969049384,10.236981419458163,134.1911883930135,16.0,49.29875935107928,26.117989,7.9644904,0.18749163,14.749506,48.639634,0,0.0541946923076923,10.996506957746478,27.843578732394363,1.6770354666666665
23,32003,170032,2379.0,109.18422,2231647,26.565581384511077,0.1472867348644297,13.915782928466797,28.485761642456055,33.13953399658203,24.45892333984375,42.40154457092285,761.9126143157946,10.660288119043917,139.91483955961232,14.099999999999998,49.86474115305871,42.199146999999996,11.667436,0.45715113999999996,9.853126099999999,31.446101999999996,0,0.0523993809523809,7.639691937500002,31.90735970967741,1.8433764
24,17031,393652,8285.0,2116.7585,5180493,26.968784631115224,0.14635035700270219,12.874430656433105,23.12009620666504,25.1905460357666,38.81492614746094,35.994526863098145,759.8736259271077,15.992686410347432,210.4650808328168,15.1,48.56836984433721,42.082366,23.041089,0.11525931,7.7020273,25.538439,0,0.0471536199999999,9.932021684210527,28.523804818181823,1.9973329333333332
25,47009,9976,98.0,90.752686,131349,34.66337771890155,0.2023235806896131,10.87692928314209,34.6093864440918,30.33819007873535,24.175493240356445,45.48631572723389,759.5033079810277,7.461038911601916,98.23576583801123,11.700000000000001,48.50208223892074,90.842718,2.9166572000000004,0.28397627,0.8846660100000001,3.4579630999999997,0,0.0467316,8.109059,1.4458706,0.3957666000000001
26,40143,48124,399.0,438.93433,648360,26.468628539700163,0.1439292985378493,10.592984199523926,25.35909652709961,32.232017517089844,31.815902709960938,35.952080726623535,742.2419643407983,6.1539885248935775,82.91081373119442,15.1,48.79526806095379,61.630421999999996,10.366617,5.9738416,3.3646431,13.036275999999999,0,0.0470501176470588,7.795925200000001,17.3827948,1.44507095
27,18097,70801,1206.0,929.76648,954670,24.61300763614652,0.1260728838237297,13.949029922485352,27.97835922241211,27.19435691833496,30.878253936767578,41.92738914489746,741.6279971089485,12.632637455874805,170.33657716698917,19.0,48.19393088711282,54.800612,28.165333999999998,0.18613762,3.5903506000000003,10.643888,0,0.0461861739130434,10.111478675000004,22.584868666666665,1.5658757000000003
28,06065,180553,1985.0,131.30302,2450758,25.8790953655971,0.1440868498644093,17.95894432067871,26.854948043823242,32.88058090209961,22.305526733398438,44.81389236450195,736.7230873060498,8.099534919400446,109.94001761255697,14.7,49.83662197573159,34.709138,6.1750691,0.47617922999999995,6.474895,49.553853,0,0.0570402394366197,10.469155730769227,18.32522452777777,0.6412511999999999
29,48139,13216,174.0,74.044632,179436,25.07467843687999,0.12807351924920302,13.807422637939453,27.700761795043945,34.15520477294922,24.336612701416016,41.5081844329834,736.5300162732117,9.697050759045007,131.65859564164649,9.3,49.32845136984775,59.88263499999999,10.815555999999999,0.39902804,0.72337771,26.644039000000003,0,0.0453982999999999,8.3528168,10.0902622,0.8158610000000001
30,48113,193318,2007.0,1167.8716,2637772,21.641900816294967,0.1073458964611043,20.65736961364746,22.614168167114258,25.25168228149414,31.47677993774414,43.27153778076172,732.8836609077662,7.608694003879031,103.8185787148636,16.6,49.35180144455245,28.642201,22.585575,0.27693827000000004,6.550642099999999,40.502402,0,0.0473207142857142,8.8182592,17.573069523809522,0.8032422
31,40109,57993,441.0,431.72586,792582,25.511682072012732,0.136664723650045,12.605804443359375,25.669265747070312,29.736614227294922,31.988317489624023,38.27507019042969,731.6971619340333,5.564093052832388,76.04366044177745,16.7,48.97095821000225,55.65203399999999,15.258989,3.0579802,3.5489070999999996,17.790210000000002,0,0.0493573571428571,7.682705928571429,21.43537472727273,0.3956162
32,04013,322449,5125.0,185.12689,4410824,26.735344688430114,0.15173695436498952,12.274147987365723,22.39362335205078,32.6341552734375,32.69807052612305,34.667771339416504,731.0402772815239,11.619144178049272,158.9398633582365,14.7,49.46282145921034,54.902052999999995,5.4661442,1.6657658,4.307245099999999,31.278440000000003,0,0.0543557748917748,7.750165749999999,33.68200546875,1.8809935333333332
33,45045,37327,502.0,252.89552,514213,28.391153082477487,0.1577867537382368,11.982390403747559,23.75409507751465,29.191587448120117,35.07192611694336,35.73648548126221,725.9054127375232,9.76249141892562,134.48710049026175,12.4,48.49430099978025,68.26237400000001,17.915338,0.20575132000000002,2.5722804,9.2556976,0,0.0494483333333333,8.048664347826087,18.886319800000003,0.4483134
34,47157,67198,903.0,473.16977,935764,26.049837352152892,0.1358237760802937,11.588619232177734,27.521665573120117,29.2784366607666,31.611276626586914,39.11028480529785,718.1084119500215,9.649868984060083,134.3789993749814,20.599999999999998,47.50364408119996,35.58408,53.648143999999995,0.15730462,2.6638126,6.5350883,0,0.0476414666666666,8.088166055555554,20.8917944,1.1649812
35,21067,23169,160.0,440.74728,323780,24.87460621409598,0.1334671690654147,8.77447509765625,19.60013771057129,27.97542381286621,43.64996337890625,28.37461280822754,715.5784792142814,4.941627030699858,69.05779274029955,17.8,49.07406263512261,70.938599,14.764655,0.16430909999999999,4.205324500000001,7.421088200000001,0,0.0479057142857142,8.088156399999999,14.892590000000002,0.5636304
36,12011,137610,1847.0,626.20142,1951260,30.03361930239948,0.1662069637055032,11.046941757202148,27.345550537109375,29.19741439819336,32.41009521484375,38.39249229431152,705.236616340211,9.465678587169316,134.21989680982486,13.5,48.71559915131761,35.602996,28.345224,0.19382348000000002,3.7364575999999996,30.428186,0,0.03856385,6.36094085,20.5683385,0.51130725
37,29189,69480,1391.0,758.57806,996945,32.23959195341768,0.1807622286083986,6.504749298095703,21.197980880737305,28.64984130859375,43.64742660522461,27.702730178833008,696.9291184568858,13.952625270200462,200.20149683362118,9.700000000000001,47.43360967756496,65.607131,24.660337,0.1667093,4.5191057,2.9613469,0,0.0485048888888888,8.936371,21.729493400000003,2.7196955
38,47163,10862,178.0,147.25761,157668,36.37770505112007,0.218998148007205,12.842641830444336,34.699241638183594,28.846590042114258,23.611522674560547,47.54188346862793,688.9159499708247,11.289545120125833,163.87405634321487,16.6,48.63827790039831,93.296039,2.1963874000000003,0.28984956,0.7648984,1.9376157,0,0.0497899999999999,7.418209,20.372062,18.051720692307693
39,22019,13933,285.0,73.684471,203112,27.641399818819178,0.1479823939501359,13.167203903198242,34.07179641723633,30.49913787841797,22.261859893798828,47.23900032043457,685.9762101697585,14.03166725747371,204.55034809445203,16.900000000000002,48.89568316987672,67.171311,25.372207000000003,0.48200008,1.3155303999999999,3.7742723,0,0.0413957999999999,7.485615800000001,14.634528714285713,2.3166776
40,27053,86273,1382.0,877.9812,1259428,26.681954029924686,0.14037166078569002,6.662693500518799,16.395038604736328,26.880821228027344,50.06144714355469,23.057732105255127,685.0173253254652,10.973235468800123,160.1891669467852,11.0,49.48278107204223,68.646324,13.315171000000001,0.68459651,7.470692700000001,6.972292099999999,0,0.0375758,7.028295999999998,24.237957200000004,1.9303728
41,21111,52277,658.0,781.48071,770517,29.60259150674157,0.1615837158686959,9.389695167541504,26.701210021972656,30.467344284057617,33.441749572753906,36.09090518951416,678.4665361049788,8.539720732962413,125.86797253094095,14.799999999999999,48.3346895655774,66.97399,21.770707,0.14600586,3.0328987,5.7117496,0,0.0482249999999999,9.04365303125,24.6743429,2.9428135333333327
42,25025,54556,1374.0,5351.1748,807252,22.370585641162872,0.1197284119457122,13.651061058044434,22.118698120117188,18.167375564575195,46.0628662109375,35.76975917816162,675.8236585353768,17.020707288430376,251.85130874697558,19.3,48.322333050893654,44.942966,20.343956,0.18618722,9.0806834,23.381051,0,0.0392626,6.234164739130433,25.229447200000003,0.9359286
43,04019,69522,1064.0,43.668076,1039073,32.20842039009772,0.1975366504567052,11.615518569946289,22.247907638549805,33.75336456298828,32.383209228515625,33.863426208496094,669.0771485737768,10.239896523150925,153.04507925548748,17.8,49.222335678051486,51.431417,3.3891749,2.438616,3.0917943,37.551066,0,0.049596152173913,5.8183240909090905,18.9877865,0.3905802
44,08031,47711,674.0,1804.6534,716492,21.587261267397267,0.1175393444727925,11.978738784790039,16.845088958740234,21.73836898803711,49.437801361083984,28.823827743530273,665.8971768002992,9.406943831892052,141.26721301167444,13.8,50.18758060103951,54.478764999999996,8.949995,0.5094264599999999,3.9125349,29.667043999999997,0,0.0503285625,7.5878031,41.33581681818181,2.6298885000000003
45,06019,65400,646.0,64.440018,994400,22.719730490748198,0.122800683829445,24.039581298828125,22.71223258972168,32.07434844970703,21.173839569091797,46.751813888549805,657.6830249396621,6.496379726468223,98.77675840978593,24.099999999999998,49.88093322606597,29.038316,4.639078700000001,0.59955753,10.244369,53.467119,1,0.0554213714285714,13.553175049999998,20.72230468965517,1.2604494
46,34017,44104,1699.0,5651.1641,676061,22.47415543863646,0.1182141848146839,15.189325332641602,25.145273208618164,17.387975692749023,42.277427673339844,40.334598541259766,652.3671680514037,25.130868368386878,385.2258298567023,16.3,49.79816910012558,28.771517000000003,10.698146999999999,0.14377401,16.040121,42.904118000000004,1,0.0481078888888888,8.421568333333333,30.789355666666665,0.7981982999999999
47,36103,96057,2299.0,627.18524,1481093,31.41686578763117,0.1686295188755872,9.418514251708984,27.348711013793945,26.887243270874023,36.34553146362305,36.76722526550293,648.554817286963,15.522320340451275,239.33706028712118,7.1,49.22830639264381,67.19037900000001,7.392446,0.19350575,4.04188,19.775261,1,0.0482064117647058,6.935175142857143,8.689862,0.6414835999999999
48,12031,61321,725.0,480.86234,950181,26.812891438578546,0.140481655600354,10.200364112854004,27.818878173828125,31.93623161315918,30.044525146484375,38.01924228668213,645.3612522245762,7.630125207723582,118.23029630958399,15.5,48.457504412317235,52.564513999999996,29.465439999999997,0.31467688,4.9272716,10.136595,1,0.0425512857142857,7.13840405263158,18.0384747,2.075008666666667
49,26139,18640,272.0,199.03633,290494,27.01501580067059,0.14971737798371063,7.01737642288208,28.246692657470703,30.68301010131836,34.052921295166016,35.26406908035278,641.6655765695676,9.363360344791975,145.92274678111588,8.5,49.42064207866599,83.58348,1.5597568,0.29467045999999997,2.8843969,9.98265,1,0.0476797999999999,8.304669,12.27095,2.1947094
50,39049,84050,698.0,950.2196,1310300,23.376173395405644,0.1201182935205679,8.82977294921875,24.595483779907227,26.525066375732422,40.04967498779297,33.42525672912598,641.4561550789895,5.327024345569717,83.04580606781677,16.3,48.85033961688163,62.571776,22.904831,0.18888804,5.622758,5.7098374,1,0.0482006153846153,8.901131217391304,21.3096919,0.3853142
51,45079,26344,335.0,211.36267,414576,24.101974065068895,0.12733491567288022,8.530229568481445,22.472488403320312,29.912336349487305,39.08494567871094,31.002717971801758,635.444405850797,8.080544942302497,127.16368053446706,16.3,48.31900544170429,42.136544,47.302064,0.25327082,2.8814983,5.1925339,1,0.0446063333333333,8.015814125,10.825537,0.5545299
52,39061,51821,417.0,776.76312,816684,28.603596984880316,0.15336531632798,8.62827205657959,26.287450790405273,27.16407585144043,37.92020034790039,34.91572284698486,634.5293895803028,5.106014076435929,80.46930780957527,16.2,48.3058318762214,64.9845,26.212218,0.13946643,2.8424703,3.4501716,1,0.0499534666666666,9.093299255813957,26.047945727272733,3.2291560999999995
53,48167,21429,217.0,344.27914,337890,27.833614489922738,0.1438485897777382,10.987735748291016,24.88808822631836,33.00980758666992,31.11436653137207,35.875823974609375,634.2004794459735,6.422208411021338,101.26464137383918,13.200000000000001,49.16748054100447,57.02802500000001,12.641688,0.3542573,3.3268223999999997,25.00222,1,0.0441327142857142,7.098446,7.508797599999999,2.2538754
54,05119,24662,390.0,199.77823,392680,28.548181725578075,0.15553376795355,9.648567199707031,25.956928253173828,30.079282760620117,34.31521987915039,35.60549545288086,628.0431903840276,9.931751044107163,158.13802611304843,17.0,47.80762962208414,51.930583,37.205613,0.30966689999999997,2.3018744,6.2445249,1,0.0435220909090909,9.876524875,19.2651268,1.6562596000000005
55,28059,8771,158.0,76.535408,143277,29.498803017930307,0.1585809306448348,11.281718254089355,31.24897003173828,36.37955093383789,21.089759826660156,42.53068828582764,612.1708299308333,11.027589913244972,180.1390947440429,16.0,49.20678126984792,67.389745,21.119927999999998,0.38805949,2.2690313,6.959944999999999,1,0.0458976,8.19400075,11.099606,1.2952924
56,35001,40808,569.0,225.65904,678701,29.391587753664712,0.16386597338150372,11.09099292755127,23.190921783447266,31.307239532470703,34.41084671020508,34.281914710998535,601.2662424248675,8.383662319637072,139.4334444226622,17.4,49.06018998056582,38.482335,2.4946185,4.2610809,2.5688779,50.346321,1,0.0504597647058823,5.550211750000001,22.91197942857143,1.1893048
57,24033,54614,1085.0,727.41052,909308,26.245452585922475,0.1326283283551887,13.25952434539795,25.82244300842285,27.83924102783203,33.078792572021484,39.0819673538208,600.6105741948822,11.932150602436138,198.66700845936938,8.9,48.140564033308856,12.465962999999999,61.872762,0.24634118,4.31295,19.057789,1,0.0499725263157894,7.168438142857141,15.9036305,1.08674575
58,09001,56288,1720.0,583.09216,943823,29.901051362384678,0.15884122340735496,9.979247093200684,21.479904174804688,20.599578857421875,47.94126892089844,31.45915126800537,596.3830082547257,18.223755937289088,305.5713473564525,8.799999999999999,48.71125200381851,61.51365,10.974409,0.12470558,5.683057,20.177089000000002,1,0.0543164999999999,7.234319545454546,20.600566333333333,0.7780200000000002
59,45019,24202,321.0,170.73491,405905,29.568987817346432,0.16412953769970812,8.324847221374512,22.734891891479492,25.337783813476562,43.60247802734375,31.059739112854004,596.2478905162538,7.908254394501177,132.63366663912072,14.7,48.38644510414998,64.945245,26.414308,0.23281309000000003,1.7375987,5.0942954,1,0.0436324,7.304987944444444,9.6858381,1.1787449
60,10003,33211,462.0,506.57526,559335,29.03537236182251,0.1555919082481875,8.35633373260498,30.84398078918457,24.635427474975586,36.16425704956055,39.20031452178955,593.758659837128,8.259808522620611,139.11053566589382,11.4,48.47238238265083,56.788689000000005,24.85076,0.18772292000000002,5.686931700000001,10.276668,1,0.04812245,7.871653119999999,22.5208582,1.1410627
61,34013,47442,2391.0,2449.085,799767,25.82864759361163,0.13570452394259822,13.912578582763672,28.041027069091797,22.58871841430664,35.45767593383789,41.95360565185547,593.1977688501776,29.896207270367494,503.9838118123182,16.400000000000002,48.134519178710796,30.519888,38.628,0.18930513000000002,5.593254,23.546483000000002,1,0.0440252222222222,8.079122199999999,29.97022057142857,0.7790297999999999
62,42101,93885,2473.0,4556.5547,1584138,25.290220927722213,0.13652598447862502,15.319161415100098,32.593414306640625,22.399024963378906,29.688398361206055,47.91257572174072,592.6567003632259,15.611013686938891,263.4073600681685,24.9,47.317342302248925,34.35111,40.686038,0.21159772,7.5706787,15.167177,1,0.0472630952380952,8.601448076923075,25.11906966666667,2.2495193
63,28049,13966,265.0,105.24496,237085,26.644030621928845,0.1406288883733682,12.451635360717773,24.979482650756836,33.54698181152344,29.02189826965332,37.43111801147461,589.0714300778202,11.17742581774469,189.74652728053846,22.2,46.66554189425733,24.202712000000002,72.429299,0.080561824,0.7533163300000001,1.6335914,1,0.0433154999999999,8.800028099999999,16.535659600000002,1.3259000000000003
64,22033,25726,583.0,373.90353,440956,26.086049401754362,0.14180099601774318,9.523452758789062,27.283031463623047,28.262069702148438,34.93144607543945,36.80648422241211,583.4142181986412,13.221273777882601,226.61898468475474,18.3,47.76190821759994,44.403749999999995,46.53208,0.20478232999999998,3.3205125000000004,4.2042743,1,0.0419678666666666,9.2232609,12.814197900000002,2.15847825
65,48029,115697,1726.0,618.29456,1986049,22.682975092759538,0.1211556210345263,15.824079513549805,25.361303329467773,30.80089569091797,28.013721466064453,41.18538284301758,582.5485675328252,8.690621429783453,149.1827791558986,16.3,49.37018170246555,27.356172,7.361903,0.22280415999999997,2.9752539000000002,60.490250999999994,1,0.0457126,8.247534181818182,14.2998366,2.3460497777777776
66,37119,63088,566.0,806.68359,1093901,22.234461802302043,0.1120293335502939,9.72046947479248,16.993793487548828,27.906625747680664,45.379112243652344,26.71426296234131,576.7249504297007,5.174142815483302,89.7159523205681,12.7,48.0860699460006,46.40612,31.4693,0.29435935,6.2441666,13.561648000000002,1,0.0509445,8.342215166666666,19.1143959,0.7625566
67,21059,5737,92.0,85.159729,101104,30.434997626206666,0.16940971672733018,9.997639656066895,34.12799072265625,32.93157958984375,22.942790985107422,44.125630378723145,567.435511948093,9.099541066624466,160.3625588286561,16.1,48.85959012501978,87.77298300000001,4.8989158,0.11770057999999999,1.8080393,3.2431953,1,0.0470914,8.5038006,11.0659292,4.256729399999999
68,34007,28693,818.0,884.49719,507078,29.17795684293146,0.1565991819798926,11.308674812316895,29.541105270385742,26.69808006286621,32.45214080810547,40.84978008270264,565.8498298092206,16.13164049712273,285.08695500644757,12.6,48.23873250269189,56.26708299999999,18.61686,0.1684159,5.8618199,17.242515,1,0.0492024444444444,8.740668615384616,24.0755292,1.022419
69,39035,70137,897.0,1050.4629,1243857,32.46964884227046,0.18167924447906797,10.178306579589844,27.761375427246094,29.530960083007812,32.52935791015625,37.93968200683594,563.8670683205545,7.211439900245768,127.8925531459857,18.099999999999998,47.70998595497714,58.779906999999994,29.607823,0.15500174,3.3076953,6.1688762,1,0.0462706666666666,9.468963534883722,20.676573,4.585111159999999
70,29510,17028,302.0,1893.7418,302838,26.931230558912688,0.1370039427020387,12.235032081604004,23.917325973510742,27.51422882080078,36.333412170410156,36.152358055114746,562.2808234105363,9.972328439627788,177.35494479680526,24.2,48.39287011537522,44.274166,45.559340999999996,0.20836222,3.4444157000000004,4.1305914999999995,1,0.0440017777777777,9.719810999999998,23.969751125,2.994612111111111
71,25013,26282,1046.0,294.37231,470406,30.46708587900665,0.1680442001164951,14.19908618927002,30.65994644165039,28.007246017456055,27.13372230529785,44.85903263092041,558.7088600060373,22.236110933959175,397.99102047028384,17.1,48.33866914962819,61.702657,7.7331074,0.14987054,2.5637427,26.146138,1,0.0484872857142857,5.6845254375000005,18.331359272727276,1.3959458333333334
72,42011,23439,565.0,189.42934,420152,30.868590414897458,0.17220434509415627,13.328255653381348,36.67491912841797,25.095388412475586,24.901437759399414,50.003174781799316,557.8695329309393,13.447514232944268,241.0512393873459,12.8,49.206001637502624,70.904338,4.2237096,0.11472038,1.4530456,21.93706,1,0.0474069285714285,8.631456400000001,17.263456,1.1440606
73,12095,76457,748.0,590.63361,1380645,23.146934947071827,0.11937898590875999,11.466924667358398,24.368099212646484,29.57578468322754,34.58919143676758,35.83502388000488,553.7774011422198,5.417757642261407,97.83276874583099,16.1,49.06004077804215,39.745048,20.23547,0.21040891,5.4893906999999995,32.330108,1,0.0421822,6.842894,15.173486428571428,0.5077076
74,09009,47375,1529.0,547.75909,857620,31.311769781488287,0.1736036939437045,9.903884887695312,30.685699462890625,24.413429260253906,34.996986389160156,40.58958435058594,552.4008302045195,17.828408852405495,322.7440633245383,11.899999999999999,48.214127469042225,62.339144999999995,12.827826,0.1788671,4.2031437,18.633427,1,0.0499352999999999,7.054757470588235,26.946301000000005,0.7301333999999999
75,42027,8977,139.0,56.637089,162805,25.63373360769018,0.1424710543287982,5.707093238830566,29.39885902404785,19.442535400390625,45.45151138305664,35.10595226287842,551.395841651055,8.53782131998403,154.8401470424418,18.4,52.60464973434477,85.230184,3.5772855999999997,0.094591692,6.545867800000001,3.037376,1,0.0460355833333333,7.528224,10.384135,1.3766084
76,42095,16648,431.0,318.37695,304807,33.3056655523003,0.1901367094587722,9.122163772583008,34.4730339050293,26.099300384521484,30.30550193786621,43.595197677612305,546.181682179215,14.140095207787224,258.8899567515617,9.1,49.196376723631666,75.939858,5.4628011,0.12204445,2.9241454,13.846795,1,0.048242,8.533748333333335,17.9758118,3.5406041666666663
77,37067,20643,221.0,358.94431,379099,29.040435348022562,0.15989754655116478,10.770709991455078,25.70292091369629,29.526670455932617,33.999698638916016,36.47363090515137,544.5279465258416,5.829611790060116,107.0580826430267,17.599999999999998,47.423760020469594,56.52850900000001,25.815684,0.27486223000000004,2.4816737,13.038284,1,0.0510116874999999,7.1955180714285705,15.4054992,0.8690626
78,13121,56903,790.0,769.73804,1050114,23.0068354483418,0.1168730252144053,7.433854103088379,17.702234268188477,21.978574752807617,52.885337829589844,25.136088371276855,541.8745012446268,7.5229927417404205,138.83275047009823,15.1,48.42588518960799,39.674169,43.613741,0.13360454,7.424241299999999,7.2690204,1,0.052,9.7496628,28.273141,1.5961382
79,12057,77118,1071.0,542.92365,1436888,26.31005339316633,0.14288865938055012,11.334619522094727,27.11968231201172,28.0247859954834,33.520912170410156,38.454301834106445,536.7015383244902,7.453608075229245,138.87808293783553,15.299999999999999,48.9210014976811,48.24461,15.907085000000002,0.22618326,4.2930972,29.237767999999996,1,0.045117,7.3401477,16.935741375000003,2.9427840909090914
80,42045,29745,993.0,1186.2319,564751,30.342575754624583,0.1639784613041853,6.9210381507873535,30.204734802246094,23.846927642822266,39.02729797363281,37.12577295303345,526.6922944802222,17.58297019394388,333.8376197680282,10.0,48.13023792786556,66.30550600000001,21.648479000000002,0.12890637,6.0182273,3.926155,1,0.0493181428571428,9.1358622,20.6665196,1.8269103333333332
81,09003,46680,1852.0,468.96582,892697,30.96862653285492,0.1712495953274178,10.315104484558105,26.622455596923828,24.95515251159668,38.1072883605957,36.937560081481934,522.909789099773,20.746121024266913,396.7437874892888,11.1,48.62982624563542,60.621804000000004,13.239655,0.1867375,5.7051834,18.453294,1,0.0500782857142857,6.74201,22.9842326,0.7877783333333334
82,06059,166196,1875.0,1551.637,3185968,27.483326888405664,0.14764335360556038,14.528754234313965,17.222047805786133,27.662763595581055,40.58643341064453,31.750802040100098,521.6499349648207,5.885181520969451,112.81859972562516,11.5,49.36650336726546,40.128431,1.6403805,0.19698879,20.898798,34.157625,1,0.0510703888888888,9.22195525,26.345322388888885,0.4627173333333332
83,42133,23283,419.0,191.41563,448273,31.642771257693408,0.1744829601604379,10.12385368347168,39.562644958496094,25.45736312866211,24.856138229370117,49.68649864196777,519.3933161265568,9.346982753812966,179.95962719580808,10.0,49.43817718220817,82.878512,5.7186134,0.15682408,1.463617,7.9079047,1,0.0481818571428571,10.049362,20.1940788,2.04343775
84,25027,42595,1523.0,212.35153,830839,29.887860343580403,0.156441861780682,9.25073528289795,27.761350631713867,26.589881896972656,36.398033142089844,37.012085914611816,512.6745374254218,18.330867953959793,357.5537034863247,10.4,49.30810903195445,76.086223,4.7316025999999995,0.17488346000000002,5.3035546,11.914221999999999,1,0.045127,5.735945125000001,23.2226452,1.0618691999999998
85,42007,8433,252.0,146.3197,164742,37.54658799820324,0.2149542921659321,6.920426845550537,36.799591064453125,31.570531845092773,24.70945167541504,43.72001791000366,511.89132097461487,15.296645664129365,298.8260405549626,10.9,48.563814934867864,89.387649,6.258270100000001,0.12990008,0.56269802,1.6352843,1,0.0491870476190476,9.306955,18.938375,3.0510086000000003
86,13089,38320,531.0,1091.0752,756558,24.205150166940275,0.12440553136705981,10.672348976135254,20.86734962463379,24.304136276245117,44.156166076660156,31.539698600769043,506.50445834952507,7.018629107087626,138.56993736951983,16.6,47.28917016276346,29.181108000000002,53.725027999999995,0.15081461,6.4760402,8.599472800000001,1,0.0452708,8.840799299999999,25.9901159,0.5035882
87,48201,237727,3402.0,1063.8893,4698619,21.25577749547261,0.10519346216409552,18.587011337280273,23.396526336669922,26.566308975219727,31.450153350830078,41.983537673950195,505.9507910728663,7.240425324973146,143.10532669827154,16.2,49.67131831714808,29.088950000000004,18.753894,0.18381997,7.2071388,43.317108999999995,1,0.0411391545454545,9.952895733333332,19.61193462121212,1.128334088235294
88,42017,30537,904.0,401.2843,628195,34.5040950660225,0.1863434124754257,6.1088457107543945,28.15749168395996,24.447002410888672,41.286659240722656,34.266337394714355,486.10702090911263,14.39043609070432,296.0343190228248,6.1,49.09224046673406,83.753771,3.9887298,0.11668352,5.0739024,5.5072073,1,0.0503297142857142,10.291104,21.604167,1.751342
89,26163,84967,3626.0,1106.5192,1753893,28.732938668436443,0.15425912527161,13.517261505126953,30.07990837097168,32.46800994873047,23.93482208251953,43.59716987609863,484.44802505055895,20.674009189842256,426.7539162262996,23.1,48.15624442312045,49.473715,38.302395,0.33388583,3.49092,6.0665045,1,0.0458432142857142,9.308103434782607,23.81550697058824,4.582781949999999
90,24005,38686,933.0,534.56146,828431,30.919654141382935,0.17178256245843052,8.51885986328125,25.761341094970703,26.362071990966797,39.35772705078125,34.28020095825195,466.97914491369835,11.262253585392143,241.17251718968103,9.2,47.40406865508413,56.554139000000006,28.994933,0.26664864,6.2539913,5.6528545999999995,1,0.0547861764705882,8.624205166666668,24.030580111111117,2.1341716
91,06073,155658,1534.0,306.71237,3343364,25.88482737745576,0.1404136671926837,12.55384349822998,18.23280906677246,30.408342361450195,38.80500411987305,30.78665256500244,465.5729977352152,4.588193208995491,98.54938390574208,12.5,50.32204091448015,45.204231,4.7029279,0.43145166999999995,11.950897000000001,33.958253,1,0.0500646808510638,8.446804879999998,18.692752,0.2433064999999999
92,12103,44975,1049.0,1375.5583,975280,40.84006644245755,0.2477657698302026,8.712347984313965,27.963733673095703,31.615087509155273,31.708829879760742,36.67608165740967,461.149618571077,10.755885489295382,233.2406892718177,13.0,47.96858338118284,73.828441,10.459354999999999,0.22701174,3.4997128,10.006561999999999,1,0.0423886,7.025974000000001,13.089160666666666,1.2153985
93,36055,33755,563.0,436.41766,742474,31.09347936762768,0.1724626047511427,9.634739875793457,23.351200103759766,28.38361930847168,38.63043975830078,32.98593997955322,454.62871427147616,7.582757106646159,166.79010516960452,14.7,48.26633659899202,70.276129,14.626639999999998,0.21913226000000002,3.6340665000000003,9.032505,1,0.0418442,6.861755899999999,17.9652142,2.0349996
94,36029,41252,1194.0,340.55554,919719,32.37032180481212,0.17945916089588232,8.193429946899414,27.586259841918945,29.864654541015625,34.355655670166016,35.77968978881836,448.5283004917806,12.9822260929697,289.44051197517695,14.499999999999998,48.37803720484191,75.21003499999999,13.092586,0.56430278,3.6686204,5.6983709000000005,1,0.0472306,7.188687500000002,22.167333500000005,1.6138179999999998
95,42003,53809,1009.0,644.34448,1218452,33.315551207597835,0.1890735129492175,5.425612449645996,26.972440719604492,25.95416259765625,41.64778518676758,32.39805316925049,441.61772478521925,8.280999169437942,187.5150997045104,12.1,48.331489463680136,78.37321200000001,13.174011,0.1174441,4.0718879999999995,2.1799792,1,0.04850725,9.88306986,17.939490400000004,6.178532120000001
96,26065,12635,184.0,203.23677,292735,24.85763574564026,0.13479426785317777,7.051656723022461,21.979705810546875,32.11305618286133,38.8555793762207,29.031362533569336,431.61904111226875,6.285548362853776,145.62722595963592,20.1,48.70309324132748,69.24454,11.493672,0.42495774000000003,7.2417036,7.8791395,1,0.0455621666666666,7.611686666666667,14.575109500000003,1.991195
97,42125,8947,131.0,93.416321,207346,36.00889334735176,0.2055356746693931,6.86407470703125,37.33049774169922,25.76058578491211,30.044843673706055,44.19457244873047,431.5009693941527,6.317941990682241,146.41779367385718,9.3,49.123204691674786,92.026854,3.1893550999999998,0.12394742,1.136265,1.7502146,1,0.0486036666666666,8.3163845,10.8393541,2.7003509
98,06067,65540,857.0,616.26898,1540975,26.351822709648122,0.1412099482470514,12.27566146850586,22.421396255493164,34.45273971557617,30.850200653076172,34.69705772399902,425.31514138775776,5.561414039812456,130.75984131827892,15.8,48.863349502749884,44.221222,9.7640783,0.50481027,16.176447,23.447363,1,0.047519,9.830302428571429,14.855959096774194,2.0301134
99,09005,7476,225.0,75.965652,181111,38.625483819315235,0.2125878604833501,7.043582439422607,29.872455596923828,27.681827545166016,35.40213394165039,36.916038036346436,412.78552931627564,12.423320505104604,300.9630818619583,7.000000000000001,49.44536775789433,88.06864,1.6327003,0.16895715,2.0125778,6.725157800000001,1,0.0490999999999999,4.4641848,7.3691545,0.4299121999999999
100,11001,28983,786.0,4436.3604,702455,22.15159689944552,0.1214355367959514,9.076815605163574,16.835115432739258,15.547361373901367,58.540706634521484,25.911931037902832,412.59582464357146,11.18932885380558,271.19345823413727,16.8,47.44887572869437,37.051198,44.890705,0.20029751999999998,4.2798471,11.281718999999999,1,0.0457327142857142,8.536219727272728,23.53285915789473,1.6885733333333337
101,34027,20284,958.0,414.32355,494228,31.802528387707685,0.1706418899779049,5.488365650177002,20.069059371948242,20.379945755004883,54.06262969970703,25.557425022125244,410.4178638199374,19.383766196977913,472.2934332478801,4.6,49.12327913432667,70.761877,3.2282672999999997,0.087611383,10.640838,13.711283,1,0.0473538888888888,6.152045,8.0632768,0.6216292
102,48453,50595,549.0,486.10486,1248743,20.34373766259351,0.09881536873479971,10.66759204864502,16.489805221557617,22.86098861694336,49.98161315917969,27.157397270202637,405.1674363740177,4.3964210409988285,108.50874592351022,13.100000000000001,50.5521152070522,48.834628,7.9882734,0.24720859,7.047967600000001,33.857888,1,0.0460219285714285,8.6711829,17.7046772,0.6439033999999999
103,37183,44203,344.0,505.18713,1092305,23.0014510599146,0.11616352575516921,7.003758430480957,15.124673843383789,25.119625091552734,52.7519416809082,22.128432273864746,404.67634955438274,3.14930353701576,77.82277221003099,9.8,48.66278191530754,59.826237000000006,19.96512,0.28517677,7.437025,10.326511,1,0.047069,7.7383088,15.6754059,0.5461315999999999
104,51059,43977,679.0,1136.3807,1150795,26.18033620236445,0.1345504629408365,7.520565509796143,12.795024871826172,18.129863739013672,61.55454635620117,20.315590381622314,382.1445174857381,5.900268944512272,154.39889032903562,6.2,49.60666321977416,50.26637900000001,9.8159969,0.14563845,20.008168,16.390061,1,0.0486566,7.1420484,27.0498965,1.0557788
105,51087,12337,293.0,544.07086,329261,28.539972848287533,0.1550289891605747,8.26430606842041,21.225393295288086,26.793676376342773,43.71662521362305,29.489699363708496,374.68755789480076,8.898715608590146,237.4969603631353,10.0,47.44868053003544,52.681005000000006,30.022383,0.25056112,8.951561199999999,5.8148399,1,0.0451764,7.151062200000001,15.724931799999998,0.8307458000000001
106,34041,3935,183.0,114.551,105779,34.27712494918651,0.18179411792510802,8.504193305969238,30.621179580688477,27.853912353515625,33.020713806152344,39.125372886657715,372.0020041785232,17.3002202705641,465.0571791613723,7.8,48.95773263124061,81.08981800000001,4.7882850999999995,0.12195236999999999,2.8644627,9.715539199999998,1,0.0425741111111111,7.5917354,24.104343,1.0817978
107,06085,69879,710.0,579.43481,1937570,25.2740804203203,0.13477242112543034,11.626058578491211,14.09632396697998,21.87746810913086,52.400150299072266,25.72238254547119,360.6527764158198,3.664383738393968,101.60420154839079,7.9,50.623616179028375,31.049407000000002,2.3580052,0.19772188000000002,37.651387,25.315472,1,0.0449899,9.632761,24.2873002,0.6242563999999999
108,06013,40697,335.0,619.31647,1150215,28.992666588420434,0.1577470299031052,10.533958435058594,17.254674911499023,29.85779571533203,42.353572845458984,27.788633346557617,353.820807414266,2.912498967584321,82.31564980219673,9.1,48.902422590559155,43.249306,8.7301068,0.27838275,17.391357,25.84343,1,0.0418117999999999,6.133333,13.1296378,2.2653866666666667
109,33015,10918,141.0,171.66501,309176,34.45610267291123,0.1796323129867779,4.868644714355469,25.358964920043945,28.329885482788086,41.4425048828125,30.227609634399414,353.1321965482444,4.560509224519368,129.14453196556147,4.7,49.58955416979326,92.323792,0.77819754,0.14942945,2.1916319,3.1771548,1,0.0438541333333333,5.088206,6.4138328,1.7296232
110,51650,4332,48.0,1008.8015,134313,29.127485798098462,0.1544526590873555,8.559747695922852,29.059167861938477,35.48091125488281,26.900171279907227,37.61891555786133,322.53020928726187,3.573741931160796,110.80332409972299,15.8,48.06533991497473,37.853372,49.616194,0.35960779,2.3661149999999997,6.0202662,1,0.0476684,6.3830438,8.7014118,1.5604134
111,41051,25290,394.0,727.12695,811880,24.87978518992955,0.134354830763167,8.527644157409668,16.95329475402832,28.66130828857422,45.85775375366211,25.48093891143799,311.4992363403459,4.852933931122826,155.79280347963623,15.1,49.537123712863966,69.288075,5.6754693000000005,0.7257230100000001,7.968542000000001,11.748657,1,0.0396816666666666,6.9438770000000005,18.716067666666664,1.214894142857143
112,53033,62582,1052.0,407.61557,2233163,25.10439229021795,0.1321488847880786,6.88761568069458,14.995392799377441,25.623767852783203,52.493221282958984,21.88300848007202,280.2392839215051,4.71080704811964,168.09945351698573,9.5,50.202515445581,58.860457,6.5502606000000005,0.59359749,18.963327,9.773715600000001,1,0.0412611363636363,6.1826826,29.5355909,1.3717188
113,23005,7233,97.0,135.62726,293557,33.13632446168887,0.1844990921694935,4.85111141204834,22.186567306518555,25.357629776000977,47.60469055175781,27.037678718566895,246.3916718047943,3.304298654094435,134.10756256048666,9.700000000000001,48.530268397619544,90.353489,3.0229222,0.29806818,2.2428352,2.1406405,1,0.0404213,6.961415199999999,19.460199600000003,1.8658708
114,15003,18034,223.0,630.09277,980080,29.637886703126288,0.1773253203820097,8.138725280761719,25.900861740112305,30.955568313598633,35.004844665527344,34.03958702087402,184.0053873153212,2.2753244633091176,123.65531773317068,8.7,50.25855032242266,18.00404,2.5536692,0.18110767,41.755876,10.000408,1,0.031634,3.966235,10.7123536,2.202124523809524
115,50007,2658,69.0,118.4184,164572,28.13236759594585,0.1499222224922831,5.630805015563965,18.994632720947266,24.051342010498047,51.323219299316406,24.62543773651123,161.50985586855603,4.192693775368835,259.59367945823925,11.799999999999999,49.0314269742119,88.129818,2.4536373,0.17560703,4.6939943,2.4287242,1,0.0415584,5.479165846153847,12.513449,0.3018946
116,23011,1812,29.0,54.337963,122083,35.88460309789242,0.199454469500258,7.475391387939453,32.69644546508789,31.778093338012695,28.050071716308594,40.171836853027344,148.42361344331314,2.3754331069845924,160.04415011037526,13.3,48.75289761883309,94.55862,0.69624763,0.49310713,0.9133130300000001,1.5874445000000001,1,0.0416558,5.598326500000001,7.475317,1.1472745999999998
117,06023,1764,22.0,14.756543,136373,31.15792715566864,0.1787743908251633,9.529216766357422,22.176437377929688,37.878936767578125,30.415409088134766,31.70565414428711,129.3511178899049,1.6132225587176345,124.71655328798187,20.3,49.79944710463215,74.134177,1.2099169,5.2407734,2.66915,11.846919999999999,1,0.0325538888888888,6.219878133333334,4.614677444444443,0.1626325555555555
